group1,group2
1.096157705,0.881096145
1.025228182,1.073001263
1.202030573,0.722101813
1.032537403,0.695563443
0.987773578,0.706612723
0.812892741,0.762771473
0.817871222,0.514277636
0.988887436,0.467539199
1.201334968,0.452705002
1.003488823,0.377246421
1.052301983,0.784913011
1.093836639,0.88347189
1.170590323,0.815449438
1.609034516,0.817032655
0.853577921,0.784913011
0.978986834,0.88347189
0.970325203,0.815449438
1.017111131,0.817032655
