group1,group2
18.92307875,1.175
26.91716024,1.35
29.99083131,1.55
38.29024155,2.058823529
36.26576691,2.230769231
18.16046911,1.5
17.57658895,1.1
18.58934132,1.157894737
22.50088102,1
